195,A,The Jungle Book 2,2003-02-14,/wiki/The_Jungle_Book_2,The Jungle Book 2,"{""Steve Trenbirth""}","{""Karl Geurs"",""Evan Spiliotopoulos""}","{""Joel McNeely""}",DisneyToon Studios,N,72 minutes,{English},$20 million,$135.7 million
1,A,Academy Award Review of Walt Disney Cartoons,1937-05-19,/wiki/Academy_Award_Review_of_Walt_Disney_Cartoons,Academy Award Review of Walt Disney Cartoons,None,None,None,Walt Disney Productions,N,41 minutes (74 minutes 1966 release),{English},N,$45.472
2,A,Snow White and the Seven Dwarfs,1937-12-21,/wiki/Snow_White_and_the_Seven_Dwarfs_(1937_film),Snow White and the Seven Dwarfs,"{""David Hand"",(supervising),""William Cottrell"",""Wilfred Jackson"",""Larry Morey"",""Perce Pearce"",""Ben Sharpsteen""}","{""Ted Sears"",""Richard Creedon"",""Otto Englander"",""Dick Rickard"",""Earl Hurd"",""Merrill De Maris"",""Dorothy Ann Blank"",""Webb Smith""}","{""Frank Churchill"",""Paul Smith"",""Leigh Harline""}",Walt Disney Productions,N,83 minutes,{English},$1.49 million,$418 million
3,A,Pinocchio,1940-02-07,/wiki/Pinocchio_(1940_film),Pinocchio,"{""Supervising Directors"",""Ben Sharpsteen"",""Hamilton Luske"",""Sequence Directors"",""Bill Roberts"",""Norman Ferguson"",""Jack Kinney"",""Wilfred Jackson"",""T. Hee""}",None,"{""Leigh Harline"",""Paul J. Smith""}",Walt Disney Productions,N,88 minutes,{English},$2.6 million,$164 million
4,H,Fantasia,1940-11-13,/wiki/Fantasia_(1940_film),Fantasia,"{""Samuel Armstrong"",""James Algar"",""Bill Roberts"",""Paul Satterfield"",""Ben Sharpsteen"",""David D. Hand"",""Hamilton Luske"",""Jim Handley"",""Ford Beebe"",""T. Hee"",""Norman Ferguson"",""Wilfred Jackson""}",None,"{""See program""}",Walt Disney Productions,N,126 minutes,{English},$2.28 million,$76.4–$83.3 million
5,H,The Reluctant Dragon,1941-06-20,/wiki/The_Reluctant_Dragon_(1941_film),The Reluctant Dragon,"{""Alfred Werker"",""(live action)"",""Hamilton Luske"",(animation),""Jack Cutting"","","",""Ub Iwerks"","","",""Jack Kinney"",""(sequence directors)""}","{Live-action:,""Ted Sears"",""Al Perkins"",""Larry Clemmons"",""Bill Cottrell"",""Harry Clork"",""Robert Benchley"",""The Reluctant Dragon"",segment:,""Kenneth Grahame"",""(original book)"",""Erdman Penner"",""T. Hee"",""Baby Weems"",segment:,""Joe Grant"",""Dick Huemer"",""John Miller""}","{""Frank Churchill"",""Larry Morey""}",Walt Disney Productions,N,74 minutes,{English},"$600,000","$960,000 (worldwide rentals)"
349,L,Dumbo,2019-03-29,/wiki/Dumbo_(2019_film),Dumbo,"{""Supervising director:"",""Ben Sharpsteen"",""Sequence directors:"",""Norman Ferguson"",""Wilfred Jackson"",""Bill Roberts"",""Jack Kinney"",""Samuel Armstrong""}",None,"{""Frank Churchill"",""Oliver Wallace""}",Walt Disney Productions,N,64 minutes,{English},"$950,000","$1.3 million (est. United States/Canada rentals, 1941)"
6,A,Dumbo,1941-10-23,/wiki/Dumbo,Dumbo,"{""Supervising director:"",""Ben Sharpsteen"",""Sequence directors:"",""Norman Ferguson"",""Wilfred Jackson"",""Bill Roberts"",""Jack Kinney"",""Samuel Armstrong""}",None,"{""Frank Churchill"",""Oliver Wallace""}",Walt Disney Productions,N,64 minutes,{English},"$950,000","$1.3 million (est. United States/Canada rentals, 1941)"
7,A,Bambi,1942-08-13,/wiki/Bambi,Bambi,"{""Supervising director"",""David Hand"",""Sequence directors"",""James Algar"",""Samuel Armstrong"",""Graham Heid"",""Bill Roberts"",""Paul Satterfield"",""Norman Wright""}",None,"{""Frank Churchill"",""Edward H. Plumb""}",Walt Disney Productions,N,70 minutes,{English},"$858,000",$267.4 million
8,H,Saludos Amigos,1943-02-06,/wiki/Saludos_Amigos,Saludos Amigos,"{""Norman Ferguson"",""Wilfred Jackson"",""Jack Kinney"",""Hamilton Luske"",""Bill Roberts""}",None,"{""Paul Smith"",""Edward H. Plumb""}",Walt Disney Productions,N,42 minutes,"{English,Portuguese,Spanish}",N,"$1,135,000 (worldwide rentals)"
9,H,Victory Through Air Power,1943-07-17,/wiki/Victory_Through_Air_Power_(film),Victory Through Air Power,"{""Animated sequences:"",""James Algar"",""Clyde Geronimi"",""Jack Kinney"",""de Seversky scenes:"",""H.C. Potter""}","{""Story direction:"",""Perce Pearce"",""Story adaptation:"",""T. Hee"",""Erdman Penner"",""Bill Cottrell"",""James Brodero"",""George Stallings"",""Jose Rodriguez""}","{""Edward H. Plumb"",""Paul J. Smith"",""Oliver Wallace""}",Walt Disney Productions,N,65 min.,{English},"$788,000","$799,000"
10,H,The Three Caballeros,1945-02-03,/wiki/The_Three_Caballeros,The Three Caballeros,"{""Norman Ferguson"",""(supervising director)"",""Clyde Geronimi"",""Jack Kinney"",""Bill Roberts"",""Harold Young"",""(sequence directors)""}",None,"{""Edward H. Plumb"",""Paul J. Smith"",""Charles Wolcott""}",Walt Disney Productions,N,71 minutes,"{English,Spanish,Portuguese}",N,"$3,355,000 (worldwide rentals)"
11,A,Make Mine Music,1946-04-20,/wiki/Make_Mine_Music,Make Mine Music,"{""Jack Kinney"",""Clyde Geronimi"",""Hamilton Luske"",""Joshua Meador"",""Robert Cormack""}",None,"{""Eliot Daniel"",""Ken Darby"",""Charles Wolcott"",""Oliver Wallace"",""Edward Plumb""}",Walt Disney Productions,N,75 minutes,{English},$1.35 million,$3.275 million (worldwide rentals)
12,H,Song of the South,1946-11-12,/wiki/Song_of_the_South,Song of the South,"{""Live action:"",""Harve Foster"",Animation:,""Wilfred Jackson""}",None,"{""Edward Plumb"",""Daniele Amfitheatrof"",""Paul J. Smith"",""Charles Wolcott""}",Walt Disney Productions,N,94 minutes,{English},$2.125 million,$65 million
13,H,Fun and Fancy Free,1947-09-27,/wiki/Fun_and_Fancy_Free,Fun and Fancy Free,"{""Jack Kinney"",(animation),""Bill Roberts"",(animation),""Hamilton Luske"",(animation),""William Morgan"",(live-action)}",None,"{""Oliver Wallace"",""Paul Smith"",""Eliot Daniel"",""Charles Wolcott""}",Walt Disney Productions,N,73 minutes,{English},N,"$3,165,000 (worldwide rentals)"
14,H,Melody Time,1948-05-27,/wiki/Melody_Time,Melody Time,"{""Jack Kinney"",""Clyde Geronimi"",""Hamilton Luske"",""Wilfred Jackson""}","{""Winston Hibler"",""Harry Reeves"",""Ken Anderson"",""Erdman Penner"",""Homer Brightman"",""Ted Sears"",""Joe Rinaldi"",""Bill Cottrell"",""Jesse Marsh"",""Art Scott"",""Bob Moore"",""John Walbridge""}","{""Eliot Daniel"",""Paul J. Smith"",""Ken Darby""}",Walt Disney Productions,N,75 minutes,{English},$1.5 million,"$2,560,000 (worldwide rentals)"
15,H,So Dear to My Heart,1948-11-29,/wiki/So_Dear_to_My_Heart,So Dear to My Heart,"{""Harold D. Schuster"",""Hamilton Luske""}","{""Ken Anderson"",""John Tucker Battle"",""Marc Davis"",""Bill Peet"",""Maurice Rapf"",""Ted Sears""}","{""Paul Smith""}",Walt Disney Productions,N,82 minutes,{English},$1.5 million,"$3.7 million (U.S. rental) $575,000 (foreign rental)"
16,A,The Adventures of Ichabod and Mr. Toad,1949-10-05,/wiki/The_Adventures_of_Ichabod_and_Mr._Toad,The Adventures of Ichabod and Mr. Toad,"{""Jack Kinney"",""Clyde Geronimi"",""James Algar""}",None,"{""Oliver Wallace""}",Walt Disney Productions,N,68 minutes,{English},N,"$1,625,000 (worldwide rentals)"
316,L,Cinderella,2015-03-13,/wiki/Cinderella_(2015_Disney_film),Cinderella,"{""Clyde Geronimi"",""Hamilton Luske"",""Wilfred Jackson""}",None,"{""Oliver Wallace"",""Paul J. Smith""}",Walt Disney Productions,N,74 minutes,{English},$2.9 million,$263.6 million
17,A,Cinderella,1950-02-15,/wiki/Cinderella_(1950_film),Cinderella,"{""Clyde Geronimi"",""Hamilton Luske"",""Wilfred Jackson""}",None,"{""Oliver Wallace"",""Paul J. Smith""}",Walt Disney Productions,N,74 minutes,{English},$2.9 million,$263.6 million
18,L,Treasure Island,1950-07-29,/wiki/Treasure_Island_(1950_film),Treasure Island,"{""Byron Haskin""}","{""Lawrence Edward Watkin""}","{""Clifton Parker""}",Walt Disney Productions,N,96 minutes,{English},"$1,800,000","$4,100,000 (worldwide rentals)"
269,L,Alice in Wonderland,2010-03-05,/wiki/Alice_in_Wonderland_(2010_film),Alice in Wonderland,"{""Clyde Geronimi"",""Wilfred Jackson"",""Hamilton Luske""}",None,"{""Oliver Wallace""}",Walt Disney Productions,N,75 minutes,{English},$3 million,"$5.6 million (US, 1951)"
19,A,Alice in Wonderland,1951-07-28,/wiki/Alice_in_Wonderland_(1951_film),Alice in Wonderland,"{""Clyde Geronimi"",""Wilfred Jackson"",""Hamilton Luske""}",None,"{""Oliver Wallace""}",Walt Disney Productions,N,75 minutes,{English},$3 million,"$5.6 million (US, 1951)"
20,L,The Story of Robin Hood and His Merrie Men,1952-06-26,/wiki/The_Story_of_Robin_Hood_and_His_Merrie_Men,The Story of Robin Hood and His Merrie Men,"{""Ken Annakin""}","{""Lawrence Edward Watkin""}","{""Clifton Parker""}",Walt Disney Productions,N,84 minutes,{English},N,$2.1 million (US rentals)
21,A,Peter Pan,1953-02-05,/wiki/Peter_Pan_(1953_film),Peter Pan,"{""Clyde Geronimi"",""Wilfred Jackson"",""Hamilton Luske""}",None,"{""Oliver Wallace""}",Walt Disney Productions,N,77 minutes,{English},$4 million,$87.4 million
22,L,The Sword and the Rose,1953-07-23,/wiki/The_Sword_and_the_Rose,The Sword and the Rose,"{""Ken Annakin""}","{""Lawrence Edward Watkin"",(screenplay),""Charles Major"",""(novel \""When Knighthood was in Flower\"")""}","{""Clifton Parker""}",Walt Disney Productions,N,92 minutes,{English},$2 million,$1 million (US)
23,N,The Living Desert,1953-11-10,/wiki/The_Living_Desert,The Living Desert,"{""James Algar""}","{""James Algar"",""Winston Hibler""}","{""Paul J. Smith""}",Walt Disney Productions,N,69 minutes,{English},"$300,000",$2.6 million (US)
24,L,"Rob Roy, the Highland Rogue",1954-02-27,"/wiki/Rob_Roy,_the_Highland_Rogue","Rob Roy, the Highland Rogue","{""Harold French""}","{""Lawrence Edward Watkin""}","{""Cedric Thorpe Davie""}",Walt Disney Productions,N,81 minutes,{English},$1.8 million,N
25,N,The Vanishing Prairie,1954-08-16,/wiki/The_Vanishing_Prairie,The Vanishing Prairie,None,"{""James Algar"",""Winston Hibler""}","{""Paul J. Smith""}",Walt Disney Productions,N,60 minutes (VHS version),{English},N,$1.75 million (US and Canadian rentals)
26,L,"20,000 Leagues Under the Sea",1954-12-23,"/wiki/20,000_Leagues_Under_the_Sea_(1954_film)","20,000 Leagues Under the Sea","{""Richard Fleischer""}",None,"{""Paul Smith"",""Joseph S. Dubin"",(orchestration)}",Walt Disney Productions,N,127 minutes,{English},$5 million,$28.2 million
27,L,"Davy Crockett, King of the Wild Frontier",1955-05-25,"/wiki/Davy_Crockett,_King_of_the_Wild_Frontier","Davy Crockett, King of the Wild Frontier","{""Norman Foster""}","{""Tom Blackburn""}","{""Thomas W. Blackburn (lyrics)"",""George Bruns"",""Edward H. Plumb"",(orchestration)}",Walt Disney Productions,N,92 minutes,{English},N,"$2,150,000 (US)"
28,A,Lady and the Tramp,1955-06-22,/wiki/Lady_and_the_Tramp,Lady and the Tramp,"{""Clyde Geronimi"",""Wilfred Jackson"",""Hamilton Luske""}",None,"{""Oliver Wallace""}",Walt Disney Productions,N,76 minutes,{English},$4 million,$187 million
29,N,The African Lion,1955-09-14,/wiki/The_African_Lion,The African Lion,"{""James Algar""}","{""James Algar"",""Winston Hibler""}","{""Paul J. Smith""}",Walt Disney Productions,N,75 minutes,{English},N,$2.1 million (US)
30,L,The Littlest Outlaw,1955-12-22,/wiki/The_Littlest_Outlaw,The Littlest Outlaw,"{""Roberto Gavaldón""}",None,None,Walt Disney Productions,N,73 minutes,"{""English, Spanish""}",N,$1.6 million (US)
31,L,The Great Locomotive Chase,1956-06-08,/wiki/The_Great_Locomotive_Chase,The Great Locomotive Chase,"{""Francis D. Lyon""}","{""Lawrence Edward Watkin""}","{""Paul J. Smith""}",Walt Disney Productions,N,85 minutes,{English},N,$1.7 million (US)
32,L,Davy Crockett and the River Pirates,1956-07-18,/wiki/Davy_Crockett_and_the_River_Pirates,Davy Crockett and the River Pirates,"{""Norman Foster""}","{""Tom Blackburn"",""Norman Foster""}","{""Thomas W. Blackburn (lyrics)"",""George Bruns"",""Edward H. Plumb"",(orchestration)}",Walt Disney Productions,N,81 minutes,{English},N,N
33,N,Secrets of Life,1956-11-06,/wiki/Secrets_of_Life,Secrets of Life,"{""James Algar""}","{""James Algar""}","{""Paul Smith""}",Walt Disney Productions,N,70 minutes,{English},N,N
34,L,Westward Ho the Wagons!,1956-12-20,/wiki/Westward_Ho_the_Wagons!,Westward Ho the Wagons!,"{""William Beaudine""}",None,"{""George Bruns""}",Walt Disney Productions,N,90 min.,{English},N,$2.75 million (US)
35,L,Johnny Tremain,1957-06-19,/wiki/Johnny_Tremain_(film),Johnny Tremain,"{""Robert Stevenson""}","{""Esther Forbes"",""Tom Blackburn""}","{""George Bruns"",""Tom Blackburn (lyrics) Song \""Liberty Tree\"" by George Bruns and Tom Blackburn""}",Walt Disney Productions,N,80 minutes,{English},"$700,000",N
36,N,Perri,1957-08-28,/wiki/Perri_(film),Perri,"{""N. Paul Kenworthy"",""Ralph Wright""}","{""Ralph Wright"",""Winston Hibler"",""Felix Salten"",(,Book,)}","{Score,:,""Paul J. Smith"",Songs,:,""George Bruns"",""Winston Hibler"",""Ralph Wright"",""Paul J. Smith"",""Hazel \""Gil\"" George"",""Song arrangements"",:,""Carl Brandt"",Orchestrations,:,""Carl Brandt"",""Franklyn Marks""}",Walt Disney Productions,N,75 minutes,{English},N,$1.75 million (US rentals)
37,L,Old Yeller,1957-12-25,/wiki/Old_Yeller_(film),Old Yeller,"{""Robert Stevenson""}",None,"{""Oliver Wallace"",""Will Schaefer""}",Walt Disney Productions,N,83 minutes,{English},N,"$6,250,000 (US/Canada rentals)"
38,L,The Light in the Forest,1958-07-08,/wiki/The_Light_in_the_Forest_(film),The Light in the Forest,"{""Herschel Daugherty""}","{""Lawrence Edward Watkin""}","{""Paul J. Smith"",""Franklyn Marks (orchestration)""}",Walt Disney Productions,N,83 minutes,{English},N,N
39,N,White Wilderness,1958-08-12,/wiki/White_Wilderness_(film),White Wilderness,"{""James Algar""}","{""James Algar""}","{""Oliver Wallace""}",Walt Disney Productions,N,72 minutes,{English},N,$1.8 million (est. US/ Canada rentals)
40,L,Tonka,1958-12-25,/wiki/Tonka_(film),Tonka,"{""Lewis R. Foster""}","{""David Appel"",""Lewis R. Foster"",""Lillie Hayward""}","{""Oliver Wallace""}",Walt Disney Productions,N,97 minutes,{English},N,$2.5 million (est. US/ Canada rentals)
41,A,Sleeping Beauty,1959-01-29,/wiki/Sleeping_Beauty_(1959_film),Sleeping Beauty,"{""Clyde Geronimi"",(supervising),""Eric Larson"",""Wolfgang Reitherman"",""Les Clark""}","{""Erdman Penner""}","{""George Bruns"",""(adapted from Tchaikovsky's"",""Sleeping Beauty Ballet"",)}",Walt Disney Productions,N,75 minutes,{English},$6 million,$51.6 million (United States/Canada)
230,L,The Shaggy Dog,2006-03-10,/wiki/The_Shaggy_Dog_(2006_film),The Shaggy Dog,"{""Charles Barton""}","{""Lillie Hayward"",""Bill Walsh""}","{""Paul J. Smith""}",Walt Disney Productions,N,104 minutes,{English},under $1 million,$12.3 million (US and Canada rentals)
42,L,The Shaggy Dog,1959-03-19,/wiki/The_Shaggy_Dog_(1959_film),The Shaggy Dog,"{""Charles Barton""}","{""Lillie Hayward"",""Bill Walsh""}","{""Paul J. Smith""}",Walt Disney Productions,N,104 minutes,{English},under $1 million,$12.3 million (US and Canada rentals)
43,L,Darby O'Gill and the Little People,1959-06-26,/wiki/Darby_O%27Gill_and_the_Little_People,Darby O'Gill and the Little People,"{""Robert Stevenson""}","{""H. T. Kavanagh"",(stories),""Lawrence Edward Watkin""}","{""Oliver Wallace""}",Walt Disney Productions,N,93 minutes,"{English,Irish}",N,Original release
45,L,Third Man on the Mountain,1959-11-10,/wiki/Third_Man_on_the_Mountain,Third Man on the Mountain,"{""Ken Annakin""}","{""Eleanore Griffin""}","{""William Alwyn""}",Walt Disney Productions,N,105 minutes,{English},$2 million,"$1,700,000 (US/Canada rentals)"
46,L,Toby Tyler,1960-01-21,/wiki/Toby_Tyler,Toby Tyler,"{""Charles Barton""}","{""Lillie Hayward"",and,""Bill Walsh""}","{""Buddy Baker"",[1]}",Walt Disney Productions,N,95 minutes,{English},N,"$3,100,000 (US/Canada rentals)"
47,L,Kidnapped,1960-02-24,/wiki/Kidnapped_(1960_film),Kidnapped,"{""Robert Stevenson""}","{""Robert Stevenson""}","{""Cedric Thorpe Davie""}",Walt Disney Productions,N,97 minutes,"{""English, Scots""}",N,N
48,L,Pollyanna,1960-05-19,/wiki/Pollyanna_(1960_film),Pollyanna,"{""David Swift""}",None,"{""Paul Smith"",(Score)}",Walt Disney Productions,N,134 minutes,{English},$2.5 million,$3.75 million (US and Canadian rentals)
50,N,Jungle Cat,1960-08-10,/wiki/Jungle_Cat_(film),Jungle Cat,"{""James Algar""}","{""James Algar""}","{""Oliver Wallace""}",Walt Disney Productions,N,69 minutes,{English},N,$2.3 million (US and Canadian rentals)
51,L,Ten Who Dared,1960-11-01,/wiki/Ten_Who_Dared,Ten Who Dared,"{""William Beaudine""}","{""Lawrence Edward Watkin""}","{""Oliver Wallace""}",Walt Disney Productions,N,92 minutes,{English},N,N
52,L,Swiss Family Robinson,1960-12-21,/wiki/Swiss_Family_Robinson_(1960_film),Swiss Family Robinson,"{""John McKimson"",""Ken Annakin""}","{""Lowell S. Hawley""}","{""William Alwyn"",(composer),""Muir Mathieson"",(conductor)}",Walt Disney Productions,N,126 minutes,{English},$4 million,$40 million
53,A,One Hundred and One Dalmatians,1961-01-25,/wiki/One_Hundred_and_One_Dalmatians,One Hundred and One Dalmatians,"{""Clyde Geronimi"",""Hamilton Luske"",""Wolfgang Reitherman""}",None,"{""George Bruns""}",Walt Disney Productions,N,79 minutes,{English},$3.6 million,$303 million
54,L,The Absent-Minded Professor,1961-03-16,/wiki/The_Absent-Minded_Professor,The Absent-Minded Professor,"{""Robert Stevenson""}","{""Bill Walsh""}","{""George Bruns""}",Walt Disney Productions,N,97 minutes,{English},N,$25.4 million
55,L,The Parent Trap,1961-06-21,/wiki/The_Parent_Trap_(1961_film),The Parent Trap,"{""David Swift""}","{""David Swift""}","{Songs:,""Richard M. Sherman"",""Robert B. Sherman"",Score:,""Paul Smith""}",Walt Disney Productions,N,128 minutes,{English},N,$25.1 million
56,L,"Nikki, Wild Dog of the North",1961-07-12,"/wiki/Nikki,_Wild_Dog_of_the_North","Nikki, Wild Dog of the North","{""Jack Couffer"",""Don Haldane""}",None,"{""Oliver Wallace"",""Will Schaefer""}",Walt Disney Productions,N,74 minutes,{English},N,N
57,L,Greyfriars Bobby,1961-07-17,/wiki/Greyfriars_Bobby_(film),Greyfriars Bobby,"{""Don Chaffey""}","{""Robert Westerby"",""Eleanor Atkinson"",(novel)}","{""Francis Chagrin""}",Walt Disney Productions,N,91 minutes,{English},N,N
58,L,Babes in Toyland,1961-12-14,/wiki/Babes_in_Toyland_(1961_film),Babes in Toyland,"{""Jack Donohue""}","{""Lowell S. Hawley"",""Ward Kimball"",""Joe Rinaldi""}","{""Victor Herbert"",""George Bruns"",""Mel Leven"",""(new lyrics)""}",Walt Disney Productions,N,105 minutes,{English},$3 million,$4.6 million (US/Canada rentals)
59,L,Moon Pilot,1962-04-05,/wiki/Moon_Pilot,Moon Pilot,"{""James Neilson""}","{""Maurice Tombragel"",""Robert Buckner"",(novel,Starfire,)}","{""Robert B. Sherman"",""Richard M. Sherman"",(songs),""Paul J. Smith""}",Walt Disney Productions,N,98 minutes,{English},N,$3.5 million
60,L,Bon Voyage!,1962-05-17,/wiki/Bon_Voyage!_(1962_film),Bon Voyage!,"{""James Neilson""}","{""James A. Herne"",""Charles Kenyon""}","{""Paul Smith""}",Walt Disney Productions,N,130 minutes,{English},$3 million,$5 million
61,L,Big Red,1962-06-06,/wiki/Big_Red_(film),Big Red,"{""Norman Tokar""}","{""Jim Kjelgaard"",(novel),""Louis Pelletier""}","{Songs:,""Richard M. Sherman"",""Robert B. Sherman"",Score:,""Oliver Wallace""}",Walt Disney Productions,N,89 min.,{English},N,N
62,L,Almost Angels,1962-09-26,/wiki/Almost_Angels,Almost Angels,"{""Steve Previn""}","{""Vernon Harris"",""Robert A. Stemmle""}","{""Heinz Schreiter""}",Walt Disney Productions,N,93 minutes,{English},N,N
63,L,The Legend of Lobo,1962-11-07,/wiki/The_Legend_of_Lobo,The Legend of Lobo,"{""James Algar"",""Jack Couffer""}","{""Dwight Hauser and James Algar"",""Ernest Thompson Seton"",""(source author)""}","{""Oliver Wallace"",(score),""Richard M. Sherman"",and,""Robert B. Sherman"",""(title song)"",""Sons of the Pioneers"",""(title song performers)"",""Walter Sheets (orchestrator)""}",Walt Disney Productions,N,67 minutes,{English},N,N
64,L,In Search of the Castaways,1962-12-21,/wiki/In_Search_of_the_Castaways_(film),In Search of the Castaways,"{""Robert Stevenson""}","{""Lowell S. Hawley""}","{""Music Composed by:"",""William Alwyn"",""Musical Director:"",""Muir Mathieson"",Songs:,""Richard Sherman"",""Robert Sherman""}",Walt Disney Productions,N,98 minutes,{English},N,"$21,745,500"
65,L,Son of Flubber,1963-01-16,/wiki/Son_of_Flubber,Son of Flubber,"{""Robert Stevenson""}","{""Don DaGradi"",""Bill Walsh""}","{""George Bruns""}",Walt Disney Productions,N,100 minutes,{English},N,$22.1 million
66,L,Miracle of the White Stallions,1963-03-29,/wiki/Miracle_of_the_White_Stallions,Miracle of the White Stallions,"{""Arthur Hiller""}","{""Alois Podhajsky"",""AJ Carothers""}","{""Paul J. Smith""}",Walt Disney Productions,N,118 minutes,{English},N,"$2,550,000 (US/ Canada)"
67,L,Savage Sam,1963-06-01,/wiki/Savage_Sam_(film),Savage Sam,"{""Norman Tokar""}","{""Fred Gipson"",""William Turberg""}","{""Oliver Wallace""}",Walt Disney Productions,N,103 Minutes,{English},N,"$3,000,000 (US/ Canada)"
68,L,Summer Magic,1963-07-07,/wiki/Summer_Magic,Summer Magic,"{""James Neilson""}","{""Sally Benson"",(screenplay),""Kate Douglas Wiggin"",(Novel,""Mother Carey's Chickens"",)}","{Songs:,""Richard M. Sherman"",""Robert B. Sherman"",Score:,""Buddy Baker""}",Walt Disney Productions,N,110 minutes,{English},N,"$4,350,000 (US/ Canada rentals)"
69,L,The Incredible Journey,1963-11-20,/wiki/The_Incredible_Journey_(film),The Incredible Journey,"{""Fletcher Markle""}","{""James Algar""}","{""Oliver Wallace""}",Walt Disney Productions,N,80 min.,{English},N,$4.2 million (US/Canada) (rentals)
70,A,The Sword in the Stone,1963-12-25,/wiki/The_Sword_in_the_Stone_(1963_film),The Sword in the Stone,"{""Wolfgang Reitherman""}",None,"{""George Bruns""}",Walt Disney Productions,N,79 minutes,{English},$3 million,$22.2 million
71,L,A Tiger Walks,1964-03-12,/wiki/A_Tiger_Walks,A Tiger Walks,"{""Norman Tokar""}","{""Lowell S. Hawley""}","{""Buddy Baker""}",Walt Disney Productions,N,91 minutes,{English},N,"est. $1,600,000 (US/ Canada)"
72,L,The Misadventures of Merlin Jones,1964-03-25,/wiki/The_Misadventures_of_Merlin_Jones,The Misadventures of Merlin Jones,"{""Robert Stevenson""}","{Story:,""Bill Walsh"",Screenplay:,""Alfred Lewis Levitt"",""Helen Levitt""}","{""Buddy Baker""}",Walt Disney Productions,N,91 minutes,{English},N,"$4,000,000 (US/ Canada)"
73,L,The Three Lives of Thomasina,1964-06-04,/wiki/The_Three_Lives_of_Thomasina,The Three Lives of Thomasina,"{""Don Chaffey""}","{""Robert Westerby"",""Paul Gallico"",(novel)}","{""Paul J. Smith""}",Walt Disney Productions,N,97 minutes,"{English,Gaelic}",N,"$2,250,000 (US/ Canada)"
74,L,The Moon-Spinners,1964-07-08,/wiki/The_Moon-Spinners,The Moon-Spinners,"{""James Neilson""}","{""Michael Dyne""}","{""Ron Grainer""}",Walt Disney Productions,N,118 minutes,{English},N,"est. $3,500,000 (US/ Canada)"
75,H,Mary Poppins,1964-08-29,/wiki/Mary_Poppins_(film),Mary Poppins,"{""Robert Stevenson""}",None,"{""Richard M. Sherman"",(songs),""Robert B. Sherman"",(songs),""Irwin Kostal"",(score)}",Walt Disney Productions,N,139 minutes,{English},$4.4–6 million,$103.1 million
76,L,Emil and the Detectives,1964-12-18,/wiki/Emil_and_the_Detectives_(1964_film),Emil and the Detectives,"{""Peter Tewksbury""}","{""Erich Kästner""}",None,Walt Disney Productions,N,92 minutes,{English},N,"$1,275,000"
77,L,Those Calloways,1965-01-28,/wiki/Those_Calloways,Those Calloways,"{""Norman Tokar""}",None,"{""Max Steiner""}",Walt Disney Productions,N,131 mins.,{English},N,"$3,500,000 (US/ Canada rentals)"
78,L,The Monkey's Uncle,1965-08-18,/wiki/The_Monkey%27s_Uncle,The Monkey's Uncle,"{""Robert Stevenson""}","{""Alfred Lewis Levitt"",""Helen Levitt""}","{""Buddy Baker""}",Walt Disney Productions,N,87 minutes,{English},N,"$4,000,000 (US/Canada rentals)"
79,L,That Darn Cat!,1965-12-02,/wiki/That_Darn_Cat!,That Darn Cat!,"{""Robert Stevenson""}","{""Gordon Gordon"",""Mildred Gordon"",""Bill Walsh""}","{""Robert F. Brunner""}",Walt Disney Productions,N,116 minutes,{English},N,"$28,068,222"
80,L,The Ugly Dachshund,1966-02-16,/wiki/The_Ugly_Dachshund,The Ugly Dachshund,"{""Norman Tokar""}","{""Albert Aley"",""Gladys Bronwyn Stern"",(Novel)}","{""George Bruns""}",Walt Disney Productions,N,93 minutes,{English},N,$6.2 million (est. US/ Canada rentals)
81,L,"Lt. Robin Crusoe, U.S.N.",1966-07-29,"/wiki/Lt._Robin_Crusoe,_U.S.N.","Lt. Robin Crusoe, U.S.N.","{""Byron Paul""}","{""Walt Disney"",""Don DaGradi"",""Bill Walsh"",""Daniel Defoe"",(novel)}","{""Robert F. Brunner""}",Walt Disney Productions,N,110 min.,{English},N,"$22,565,634"
82,L,The Fighting Prince of Donegal,1966-10-01,/wiki/The_Fighting_Prince_of_Donegal,The Fighting Prince of Donegal,"{""Michael O'Herlihy""}","{""Robert Westerby"","","",""Robert T. Reilly""}","{""George Bruns""}",Walt Disney Productions,N,110 min.,{English},N,N
83,L,"Follow Me, Boys!",1966-12-01,"/wiki/Follow_Me,_Boys!","Follow Me, Boys!","{""Norman Tokar""}",None,"{""George Bruns"",""Richard M. Sherman"",""Robert B. Sherman""}",Walt Disney Productions,N,131 minutes,{English},N,"$16,207,116"
84,L,"Monkeys, Go Home!",1967-02-08,"/wiki/Monkeys,_Go_Home!","Monkeys, Go Home!","{""Andrew V. McLaglen""}",None,"{""Robert F. Brunner""}",Walt Disney Productions,N,101 minutes,{English},N,"$3,000,000 (US/ Canada)"
85,L,The Adventures of Bullwhip Griffin,1967-03-08,/wiki/The_Adventures_of_Bullwhip_Griffin,The Adventures of Bullwhip Griffin,"{""James Neilson""}",None,"{""Richard M. Sherman"",and,""Robert B. Sherman"",""Mel Leven"",and,""George Bruns"",(songs),""George Bruns"",(score)}",Walt Disney Productions,N,108 minutes,{English},N,"$1,900,000 (US/ Canada)"
86,L,The Gnome-Mobile,1967-07-19,/wiki/The_Gnome-Mobile,The Gnome-Mobile,"{""Robert Stevenson""}","{""Ellis Kadison""}","{""Buddy Baker"",""\""The Gnome-Mobile\"" song by"",""Richard M. Sherman"",and,""Robert B. Sherman""}",Walt Disney Productions,N,84 minutes,{English},N,"$4,000,000 (US/ Canada)"
324,L,The Jungle Book,2016-04-15,/wiki/The_Jungle_Book_(2016_film),The Jungle Book,"{""Wolfgang Reitherman""}",None,"{""George Bruns""}",Walt Disney Productions,N,78 minutes,{English},$4 million,$378 million
87,A,The Jungle Book,1967-10-18,/wiki/The_Jungle_Book_(1967_film),The Jungle Book,"{""Wolfgang Reitherman""}",None,"{""George Bruns""}",Walt Disney Productions,N,78 minutes,{English},$4 million,$378 million
88,L,"Charlie, the Lonesome Cougar",1967-10-18,"/wiki/Charlie,_the_Lonesome_Cougar","Charlie, the Lonesome Cougar","{""Rex Allen"",""Winston Hibler""}","{""Jack Speirs""}","{""Franklyn Marks"",""Speirs Marks""}",Walt Disney Productions,N,75 minutes,{English},N,N
89,L,The Happiest Millionaire,1967-11-30,/wiki/The_Happiest_Millionaire,The Happiest Millionaire,"{""Norman Tokar""}","{""A. J. Carothers""}","{Songs:,""Richard M. Sherman"",""Robert B. Sherman"",Score:,""Jack Elliott""}",Walt Disney Productions,N,164 minutes,{English},$5 million,$5 million (US/ Canada rentals)
90,L,Blackbeard's Ghost,1968-02-08,/wiki/Blackbeard%27s_Ghost,Blackbeard's Ghost,"{""Robert Stevenson""}","{""Ben Stahl"",(book),""Don DaGradi"",""Bill Walsh""}","{""Robert F. Brunner""}",Walt Disney Productions,N,106 minutes,{English},N,"$21,540,050"
91,L,"The One and Only, Genuine, Original Family Band",1968-03-21,"/wiki/The_One_and_Only,_Genuine,_Original_Family_Band","The One and Only, Genuine, Original Family Band","{""Michael O'Herlihy""}",None,"{Songs:,""Richard M. Sherman"",""Robert B. Sherman"",Score:,""Jack Elliott""}",Walt Disney Productions,N,110 min.,{English},N,"$2,250,000 (US/ Canada)"
92,L,Never a Dull Moment,1968-06-26,/wiki/Never_a_Dull_Moment_(1968_film),Never a Dull Moment,"{""Jerry Paris""}","{""AJ Carothers"",(screenplay),""John Godey"",(book)}","{""Robert F. Brunner""}",Walt Disney Productions,N,99 minutes,{English},N,"$4,150,000 (US/ Canada rentals)"
93,L,The Horse in the Gray Flannel Suit,1968-12-20,/wiki/The_Horse_in_the_Gray_Flannel_Suit,The Horse in the Gray Flannel Suit,"{""Norman Tokar""}","{""Eric Hatch"",(book),""Louis Pelletier""}","{""George Bruns""}",Walt Disney Productions,N,113 mins.,{English},N,$3.3 million  (US/ Canada rentals)
94,L,The Love Bug,1968-12-24,/wiki/The_Love_Bug,The Love Bug,"{""Robert Stevenson""}",None,"{""George Bruns""}",Walt Disney Productions,N,108 minutes,{English},$5 million,"$51,264,000"
95,L,Smith!,1969-03-21,/wiki/Smith!,Smith!,"{""Michael O'Herlihy""}","{""Louis Pelletier""}","{""Robert F. Brunner""}",Walt Disney Productions,N,112 minutes,{English},N,$1.3 million (US/ Canada rentals)
96,L,Rascal,1969-06-11,/wiki/Rascal_(film),Rascal,"{""Norman Tokar""}","{""Harold Swanton""}","{""Buddy Baker""}",Walt Disney Productions,N,93 minutes,{English},N,N
97,L,The Computer Wore Tennis Shoes,1969-12-24,/wiki/The_Computer_Wore_Tennis_Shoes,The Computer Wore Tennis Shoes,"{""Robert Butler""}","{""Joseph L. McEveety""}","{""Robert F. Brunner""}",Walt Disney Productions,N,91 minutes,{English},N,$5.5 million (US/ Canada rentals)
98,L,King of the Grizzlies,1970-02-11,/wiki/King_of_the_Grizzlies,King of the Grizzlies,"{""Ron Kelly""}",None,"{""Buddy Baker""}",Walt Disney Productions,N,93 minutes,{English},N,N
99,L,The Boatniks,1970-07-01,/wiki/The_Boatniks,The Boatniks,"{""Norman Tokar""}","{""Arthur Julian""}","{""Bruce Belland"",""Robert F. Brunner"",""Franklyn Marks""}",Walt Disney Productions,N,100 minutes,{English},N,"$18,607,492"
100,L,The Wild Country,1970-12-15,/wiki/The_Wild_Country,The Wild Country,"{""Robert Totten""}","{""Calvin Clements Jr."",""Paul Savage""}","{""Robert F. Brunner""}",Walt Disney Productions,N,100 minutes,{English},N,$4 million (rentals) (US/Canada)
101,A,The Aristocats,1970-12-24,/wiki/The_Aristocats,The Aristocats,"{""Wolfgang Reitherman""}",None,"{""George Bruns""}",Walt Disney Productions,N,79 minutes,{English},$4 million,$191 million
102,L,The Barefoot Executive,1971-03-17,/wiki/The_Barefoot_Executive,The Barefoot Executive,"{""Robert Butler""}","{""Lila Garrett"",""Bernie Kahn"",""Stewart C. Billett"",""Joseph L. McEveety (screenplay)""}","{""Robert F. Brunner""}",Walt Disney Productions,N,96 minutes,{English},N,N
103,L,Scandalous John,1971-06-22,/wiki/Scandalous_John,Scandalous John,"{""Robert Butler""}","{""Bill Walsh""}",None,Walt Disney Productions,N,113 minutes,{English},N,N
105,H,Bedknobs and Broomsticks,1971-12-13,/wiki/Bedknobs_and_Broomsticks,Bedknobs and Broomsticks,"{""Robert Stevenson""}",None,"{""Irwin Kostal""}",Walt Disney Productions,N,118 minutes (1971 original version),{English},$6.3 million,$17.9 million
106,L,The Biscuit Eater,1972-03-22,/wiki/The_Biscuit_Eater_(1972_film),The Biscuit Eater,"{""Vincent McEveety""}",None,"{""Robert F. Brunner""}",Walt Disney Productions,N,92 minutes,{English},N,N
107,L,"Now You See Him, Now You Don't",1972-07-12,"/wiki/Now_You_See_Him,_Now_You_Don%27t","Now You See Him, Now You Don't","{""Robert Butler""}","{""Joseph L. McEveety""}","{""Robert F. Brunner""}",Walt Disney Productions,N,88 minutes,{English},N,"$4,610,000 (US/Canada) (rentals)"
108,L,Napoleon and Samantha,1972-07-19,/wiki/Napoleon_and_Samantha,Napoleon and Samantha,"{""Bernard McEveety""}","{""Stewart Raffill""}","{""Buddy Baker""}",Walt Disney Productions,N,92 minutes,{English},N,N
109,L,"Run, Cougar, Run",1972-10-18,"/wiki/Run,_Cougar,_Run","Run, Cougar, Run","{""Jerome Courtland""}",None,"{""Buddy Baker""}",Walt Disney Productions,N,87 minutes,{English},N,N
110,L,Snowball Express,1972-12-22,/wiki/Snowball_Express,Snowball Express,"{""Norman Tokar""}","{""Frankie O'Rear (book \""Chateau Bon Vivant\"")"",""John O'Rear (book \""Chateau Bon Vivant\"")"",""Don Tait"",""Jim Parker"",""Arnold Margolin""}","{""Robert F. Brunner"",""Evelyn Kennedy"",""Franklyn Marks""}",Walt Disney Productions,N,93 minutes,{English},N,"$6,100,000 (US/ Canada rentals)"
111,L,The World's Greatest Athlete,1973-02-01,/wiki/The_World%27s_Greatest_Athlete,The World's Greatest Athlete,"{""Robert Scheerer""}","{""Dee Caruso"",""Gerald Gardner""}","{""Marvin Hamlisch""}",Walt Disney Productions,N,93 min.,{English},N,"$22,583,370"
112,L,Charley and the Angel,1973-03-23,/wiki/Charley_and_the_Angel,Charley and the Angel,"{""Vincent McEveety""}","{""Will Stanton"",""(book author)"",""Roswell Rogers (film writer)""}","{""Paul J. Smith"",""Buddy Baker""}",Walt Disney Productions,N,93 minutes,{English},N,N
114,A,Robin Hood,1973-11-08,/wiki/Robin_Hood_(1973_film),Robin Hood,"{""Wolfgang Reitherman""}",None,"{""George Bruns""}",Walt Disney Productions,N,83 minutes,{English},$5 million,$32 million
115,L,Superdad,1973-12-14,/wiki/Superdad,Superdad,"{""Vincent McEveety""}","{""Joseph L. McEveety"",""Harlan Ware""}","{""Buddy Baker""}",Walt Disney Productions,N,96 minutes,{English},N,$7 million (US/Canada rentals)
116,L,Herbie Rides Again,1974-06-06,/wiki/Herbie_Rides_Again,Herbie Rides Again,"{""Robert Stevenson""}",None,"{""George Bruns""}",Walt Disney Productions,N,88 minutes,{English},N,"$38,229,000 (US/Canada gross)"
117,L,The Bears and I,1974-07-31,/wiki/The_Bears_and_I,The Bears and I,"{""Bernard McEveety""}",None,"{""Buddy Baker""}",Walt Disney Productions,N,89 minutes,{English},N,$4 million (rentals) (US/Canada)
118,L,The Castaway Cowboy,1974-08-01,/wiki/The_Castaway_Cowboy,The Castaway Cowboy,"{""Vincent McEveety""}","{""Don Tait""}","{""Robert F. Brunner""}",Walt Disney Productions,N,91 minutes,{English},N,N
119,L,The Island at the Top of the World,1974-12-20,/wiki/The_Island_at_the_Top_of_the_World,The Island at the Top of the World,"{""Robert Stevenson""}","{""Ian Cameron"",(novel),""John Whedon"",(screenplay)}","{""Maurice Jarre""}",Walt Disney Productions,N,93 mins,"{English,Swedish,Norwegian,Danish,Icelandic}",$8 million,$10 million (US/Canada rentals)
120,L,The Strongest Man in the World,1975-02-06,/wiki/The_Strongest_Man_in_the_World,The Strongest Man in the World,"{""Vincent McEveety""}","{""Joseph L. McEveety""}","{""Robert F. Brunner""}",Walt Disney Productions,N,92 minutes,{English},N,$6.6 million (US/Canada rentals)
121,L,Escape to Witch Mountain,1975-03-21,/wiki/Escape_to_Witch_Mountain_(1975_film),Escape to Witch Mountain,"{""John Hough""}",None,"{""Johnny Mandel""}",Walt Disney Productions,N,97 min.,{English},N,"$20,000,000"
122,L,The Apple Dumpling Gang,1975-07-01,/wiki/The_Apple_Dumpling_Gang_(film),The Apple Dumpling Gang,"{""Norman Tokar""}","{""Don Tait""}","{""Paul J. Smith"",""Buddy Baker"",""Joseph S. Dubin"",(orchestration)}",Walt Disney Productions,N,100 minutes,{English},N,"$36,853,000"
124,N,The Best of Walt Disney's True-Life Adventures,1975-10-08,/wiki/The_Best_of_Walt_Disney%27s_True-Life_Adventures,The Best of Walt Disney's True-Life Adventures,None,"{""James Algar"",""Winston Hibler"",""Ted Sears""}","{""Paul Smith"",""Oliver Wallace"",""Buddy Baker""}",Walt Disney Productions,N,89 minutes,{English},N,N
125,L,Ride a Wild Pony,1975-12-25,/wiki/Ride_a_Wild_Pony,Ride a Wild Pony,"{""Don Chaffey""}","{""Rosemary Anne Sisson""}","{""John Addison""}",Walt Disney Productions,N,91 minutes,{English},AU$1 million,N
126,L,"No Deposit, No Return",1976-02-05,"/wiki/No_Deposit,_No_Return","No Deposit, No Return","{""Norman Tokar""}","{""Arthur Alsberg"",""Don Nelson""}","{""Buddy Baker""}",Walt Disney Productions,N,112 minutes,{English},N,N
127,L,Treasure of Matecumbe,1976-07-01,/wiki/Treasure_of_Matecumbe,Treasure of Matecumbe,"{""Vincent McEveety""}","{""Don Tait""}","{""Buddy Baker""}",Walt Disney Productions,N,115 minutes,{English},N,N
128,L,Gus,1976-07-07,/wiki/Gus_(1976_film),Gus,"{""Vincent McEveety""}",None,"{""Robert F. Brunner""}",Walt Disney Productions,N,95 minutes,{English},N,"$21,873,000"
129,L,The Shaggy D.A.,1976-12-17,/wiki/The_Shaggy_D.A.,The Shaggy D.A.,"{""Robert Stevenson""}","{""Don Tait""}","{""Paul J. Smith"",""Buddy Baker""}",Walt Disney Productions,N,91 min.,{English},N,$10.5 million (US and Canada rentals)
202,L,Freaky Friday,2003-08-06,/wiki/Freaky_Friday_(2003_film),Freaky Friday,"{""Gary Nelson""}",None,"{""Johnny Mandel""}",Walt Disney Productions,N,95 minutes,{English},$5 million,$36 million
130,L,Freaky Friday,1976-12-17,/wiki/Freaky_Friday_(1976_film),Freaky Friday,"{""Gary Nelson""}",None,"{""Johnny Mandel""}",Walt Disney Productions,N,95 minutes,{English},$5 million,$36 million
132,A,The Many Adventures of Winnie the Pooh,1977-03-11,/wiki/The_Many_Adventures_of_Winnie_the_Pooh,The Many Adventures of Winnie the Pooh,"{""John Lounsbery"",""Wolfgang Reitherman""}",None,"{""Richard M. Sherman"",""Robert B. Sherman"",(songs),""Buddy Baker"",(score)}",Walt Disney Productions,N,74 minutes,{English},N,N
133,L,A Tale of Two Critters,1977-06-22,/wiki/A_Tale_of_Two_Critters,A Tale of Two Critters,"{""Jack Speirs""}",None,"{""Buddy Baker""}",Walt Disney Productions,N,48 minutes,{English},N,N
134,A,The Rescuers,1977-06-22,/wiki/The_Rescuers,The Rescuers,"{""Wolfgang Reitherman"",""John Lounsbery"",""Art Stevens""}",None,"{""Artie Butler""}",Walt Disney Productions,N,77 minutes,{English},$7.5 million,$169 million
135,L,Herbie Goes to Monte Carlo,1977-06-24,/wiki/Herbie_Goes_to_Monte_Carlo,Herbie Goes to Monte Carlo,"{""Vincent McEveety""}","{""Arthur Alsberg"",""Don Nelson""}","{""Frank De Vol""}",Walt Disney Productions,N,104 minutes,{English},N,$29 million
329,L,Pete's Dragon,2016-08-12,/wiki/Pete%27s_Dragon_(2016_film),Pete's Dragon,"{""Don Chaffey""}",None,"{""Irwin Kostal""}",Walt Disney Productions,N,128 minutes,{English},$10 million,$36
136,H,Pete's Dragon,1977-11-03,/wiki/Pete%27s_Dragon_(1977_film),Pete's Dragon,"{""Don Chaffey""}",None,"{""Irwin Kostal""}",Walt Disney Productions,N,128 minutes,{English},$10 million,$36
137,L,Candleshoe,1977-12-16,/wiki/Candleshoe,Candleshoe,"{""Norman Tokar""}","{""David Swift"",""Rosemary Anne Sisson""}","{""Ron Goodwin""}",Walt Disney Productions,N,101 minutes,{English},N,N
138,L,Return from Witch Mountain,1978-03-10,/wiki/Return_from_Witch_Mountain,Return from Witch Mountain,"{""John Hough""}","{""Malcolm Marmorstein""}","{""Lalo Schifrin""}",Walt Disney Productions,N,94 minutes,{English},N,N
139,L,The Cat from Outer Space,1978-06-09,/wiki/The_Cat_from_Outer_Space,The Cat from Outer Space,"{""Norman Tokar""}","{""Ted Key""}","{""Lalo Schifrin""}",Walt Disney Productions,N,104 minutes,{English},$3.5 to 4 million,N
140,L,Hot Lead and Cold Feet,1978-07-05,/wiki/Hot_Lead_and_Cold_Feet,Hot Lead and Cold Feet,"{""Robert Butler""}","{""Joe McEveety"",""Arthur Alsberg"",""Don Nelson""}","{""Buddy Baker""}",Walt Disney Productions,N,90 minutes,{English},N,N
141,L,The North Avenue Irregulars,1979-02-09,/wiki/The_North_Avenue_Irregulars,The North Avenue Irregulars,"{""Bruce Bilson""}","{""Don Tait""}","{""Richard Bowden"",""Robert F. Brunner""}",Walt Disney Productions,N,100 minutes,{English},N,N
142,L,The Apple Dumpling Gang Rides Again,1979-06-27,/wiki/The_Apple_Dumpling_Gang_Rides_Again,The Apple Dumpling Gang Rides Again,"{""Vincent McEveety""}","{""Don Tait""}","{""Paul J. Smith"",""Buddy Baker"",""Joseph S. Dubin"",(orchestration)}",Walt Disney Productions,N,88 minutes,{English},N,"$20,931,111"
143,L,Unidentified Flying Oddball,1979-07-26,/wiki/Unidentified_Flying_Oddball,Unidentified Flying Oddball,"{""Russ Mayberry""}","{""Don Tait""}","{""Ron Goodwin""}",Walt Disney Productions,N,93 minutes,{English},$5.25 million,N
144,L,The Black Hole,1979-12-21,/wiki/The_Black_Hole,The Black Hole,"{""Gary Nelson""}",None,"{""John Barry""}",Walt Disney Productions,N,98 minutes,{English},$20 million,$35.8 million
146,L,Midnight Madness,1980-02-08,/wiki/Midnight_Madness_(1980_film),Midnight Madness,"{""Michael Nankin"",""David Wechter""}","{""Michael Nankin"",""David Wechter""}","{""Julius Wechter""}",Walt Disney Productions,N,112 minutes,{English},N,$2.9 million
147,L,The Watcher in the Woods,1980-04-17,/wiki/The_Watcher_in_the_Woods_(1980_film),The Watcher in the Woods,"{""John Hough"",""Vincent McEveety"",(uncredited)}",None,"{""Stanley Myers""}",Walt Disney Productions,N,84 minutes,{English},$9 million,$5 million
148,L,Herbie Goes Bananas,1980-06-25,/wiki/Herbie_Goes_Bananas,Herbie Goes Bananas,"{""Vincent McEveety""}","{""Don Tait""}","{""Frank De Vol""}",Walt Disney Productions,N,98 minutes,{English},N,$18 million
149,L,The Last Flight of Noah's Ark,1980-06-25,/wiki/The_Last_Flight_of_Noah%27s_Ark,The Last Flight of Noah's Ark,"{""Charles Jarrott""}","{""Steven W. Carabatsos"",""Sandy Glass"",""George Arthur Bloom""}","{""Maurice Jarre""}",Walt Disney Productions,N,97 minutes,{English},$6-8 million,$11 million
151,L,The Devil and Max Devlin,1981-03-06,/wiki/The_Devil_and_Max_Devlin,The Devil and Max Devlin,"{""Steven Hilliard Stern""}","{""Mary Rodgers""}","{""Buddy Baker"",""Joseph S. Dubin"",(orchestration)}",Walt Disney Productions,N,96 minutes,{English},N,$16 million (USA)
152,L,Amy,1981-03-20,/wiki/Amy_(1981_film),Amy,"{""Vincent McEveety""}","{""Noreen Stone""}","{""Robert F. Brunner""}",Walt Disney Productions,N,100 minutes,{English},N,N
154,A,The Fox and the Hound,1981-07-10,/wiki/The_Fox_and_the_Hound,The Fox and the Hound,"{""Ted Berman"",""Richard Rich"",""Art Stevens""}",None,"{""Buddy Baker""}",Walt Disney Productions,N,83 minutes,{English},$12 million,$63.5 million
155,L,Condorman,1981-08-07,/wiki/Condorman,Condorman,"{""Charles Jarrott""}","{""Mickey Rose"",""Marc Stirdivant""}","{""Henry Mancini""}",Walt Disney Productions,N,90 minutes,{English},$14 million,N
156,L,Night Crossing,1982-02-05,/wiki/Night_Crossing,Night Crossing,"{""Delbert Mann""}","{""John McGreevey""}","{""Jerry Goldsmith""}",Walt Disney Productions,N,107 minutes,{English},N,$8 million
157,H,Tron,1982-07-09,/wiki/Tron,Tron,"{""Steven Lisberger""}",None,"{""Wendy Carlos""}",N,N,96 minutes,{English},US$,US$50 million
158,L,Tex,1982-07-30,/wiki/Tex_(film),Tex,"{""Tim Hunter""}",None,"{""Pino Donaggio""}",Walt Disney Productions,N,103 minutes,{English},$5 million,$7.4 million
159,L,Trenchcoat,1983-03-11,/wiki/Trenchcoat_(film),Trenchcoat,"{""Michael Tuchner""}","{""Jeffrey Price"",""Peter S. Seaman""}","{""Charles Fox""}",Walt Disney Productions,N,91 min,{English},unknown,"$4,304,286 (US)"
160,L,Something Wicked This Way Comes,1983-04-29,/wiki/Something_Wicked_This_Way_Comes_(film),Something Wicked This Way Comes,"{""Jack Clayton""}","{""Ray Bradbury""}","{""James Horner""}",Walt Disney Productions,N,95 minutes,{English},$20 million,$8.4 million
161,L,Never Cry Wolf,1983-10-07,/wiki/Never_Cry_Wolf_(film),Never Cry Wolf,"{""Carroll Ballard""}",None,"{""Mark Isham""}",Walt Disney Pictures,N,105 minutes,"{English,Inuktitut}",$11 million,$27.6 million
162,L,Return to Oz,1985-06-21,/wiki/Return_to_Oz,Return to Oz,"{""Walter Murch""}",None,"{""David Shire""}",Walt Disney Pictures,N,113 minutes,{English},$28 million,$11.1 million (USA)
163,A,The Black Cauldron,1985-07-24,/wiki/The_Black_Cauldron_(film),The Black Cauldron,"{""Ted Berman"",""Richard Rich""}",None,"{""Elmer Bernstein""}",Walt Disney Pictures,N,80 minutes,{English},$25–44 million,$21.3 million (domestic)
164,L,The Journey of Natty Gann,1985-09-27,/wiki/The_Journey_of_Natty_Gann,The Journey of Natty Gann,"{""Jeremy Kagan""}","{""Jeanne Rosenberg""}","{""James Horner"",""Elmer Bernstein"",""(uncredited score"",withdrawn)}",Walt Disney Pictures,N,101 minutes,{English},N,$9.7 million (U.S. and Canada only)
165,L,One Magic Christmas,1985-11-22,/wiki/One_Magic_Christmas,One Magic Christmas,"{""Phillip Borsos""}",None,"{""Michael Conway Baker""}",Walt Disney Pictures,N,89 minutes,{English},N,"$13,677,222"
166,A,The Great Mouse Detective,1986-07-02,/wiki/The_Great_Mouse_Detective,The Great Mouse Detective,"{""Ron Clements"",""Burny Mattinson"",""Dave Michener"",""John Musker""}",None,"{""Henry Mancini""}",Walt Disney Pictures,N,74 minutes,{English},$14 million,$38.7 million
167,L,Flight of the Navigator,1986-07-30,/wiki/Flight_of_the_Navigator,Flight of the Navigator,"{""Randal Kleiser""}",None,"{""Alan Silvestri""}",PSO Productions,N,90 minutes,{English},$9 million,"$18,564,613"
168,L,Benji the Hunted,1987-06-17,/wiki/Benji_the_Hunted,Benji the Hunted,"{""Joe Camp""}","{""Joe Camp""}","{""Betty Box"",""Euel Box""}",Walt Disney Pictures,N,89 minutes,{English},N,$22.3 million
170,A,Oliver & Company,1988-11-18,/wiki/Oliver_%26_Company,Oliver & Company,"{""George Scribner""}",None,"{""J. A. C. Redford""}",Walt Disney Pictures,N,74 minutes,{English},$31 million,>$121 million
171,L,"Honey, I Shrunk the Kids",1989-06-23,"/wiki/Honey,_I_Shrunk_the_Kids","Honey, I Shrunk the Kids","{""Joe Johnston""}",None,"{""James Horner""}",Walt Disney Pictures,N,93 minutes,{English},$18 million,$222.7 million
172,L,Cheetah,1989-08-18,/wiki/Cheetah_(1989_film),Cheetah,"{""Jeff Blyth""}",None,"{""Bruce Rowland""}",Walt Disney Pictures,N,84 minutes,{English},$5 million,"$8,153,677 (United States)"
173,A,The Little Mermaid,1989-11-17,/wiki/The_Little_Mermaid_(1989_film),The Little Mermaid,"{""Ron Clements"",""John Musker""}","{""Ron Clements"",""John Musker""}","{""Alan Menken""}",N,N,83 minutes,{English},$40 million,$233 million
174,H,Fantasia 2000,2000-01-01,/wiki/Fantasia_2000,Fantasia 2000,"{""Don Hahn"",""Pixote Hunt"",""Hendel Butoy"",""Eric Goldberg"",""James Algar"",""Francis Glebas"",""Paul and Gaëtan Brizzi""}","{""See credits""}","{""See program""}",Walt Disney Pictures,N,74 minutes,{English},$80–$85 million,$90.9 million
175,A,The Tigger Movie,2000-02-11,/wiki/The_Tigger_Movie,The Tigger Movie,"{""Jun Falkenstein""}",None,"{""Harry Gregson-Williams""}",Walt Disney Television Animation,N,77 minutes,{English},$15 million,$96.2 million
176,A,Dinosaur,2000-05-19,/wiki/Dinosaur_(film),Dinosaur,"{""Ralph Zondag"",""Eric Leighton""}",None,"{""James Newton Howard""}",Walt Disney Pictures,N,82 minutes,{English},$127.5 million,$349.8 million
179,L,102 Dalmatians,2000-11-22,/wiki/102_Dalmatians,102 Dalmatians,"{""Kevin Lima""}",None,"{""David Newman""}",Walt Disney Pictures,N,100 minutes,{English},$85 million,$183.6 million
180,A,The Emperor's New Groove,2000-12-15,/wiki/The_Emperor%27s_New_Groove,The Emperor's New Groove,"{""Mark Dindal""}",None,"{""John Debney""}",Walt Disney Pictures,N,78 minutes,{English},$100 million,$169.3 million
181,A,Recess: School's Out,2001-02-16,/wiki/Recess:_School%27s_Out,Recess: School's Out,"{""Chuck Sheetz""}",None,"{""Denis M. Hannigan""}",Walt Disney Pictures,N,83 minutes,{English},$23 million,$44.5 million
182,A,Atlantis: The Lost Empire,2001-06-15,/wiki/Atlantis:_The_Lost_Empire,Atlantis: The Lost Empire,"{""Gary Trousdale"",""Kirk Wise""}",None,"{""James Newton Howard""}",Walt Disney Pictures,N,96 minutes,{English},$90–120 million,$186.1 million
183,L,The Princess Diaries,2001-08-03,/wiki/The_Princess_Diaries_(film),The Princess Diaries,"{""Garry Marshall""}",None,"{""John Debney""}",Walt Disney Pictures,N,115 minutes,{English},$26 million,$165.3 million
184,L,Max Keeble's Big Move,2001-10-05,/wiki/Max_Keeble%27s_Big_Move,Max Keeble's Big Move,"{""Tim Hill""}","{""David L. Watts"",""James Greer"",""Jonathan Bernstein"",""Mark Blackwell""}","{""Michael Wandmacher""}",Walt Disney Pictures,N,86 minutes,{English},$25 million,$18.6 million
185,A,"Monsters, Inc.",2001-11-02,"/wiki/Monsters,_Inc.","Monsters, Inc.","{""Pete Docter""}",None,"{""Randy Newman""}",Walt Disney Pictures,N,92 minutes,{English},$115 million,$577.4 million
186,L,Snow Dogs,2002-01-18,/wiki/Snow_Dogs,Snow Dogs,"{""Brian Levant""}","{""Jim Kouf"",""Tommy Swerdlow"",""Michael Goldberg"",""Mark Gibson"",""Philip Halprin""}","{""John Debney""}",Walt Disney Pictures,N,99 minutes,{English},$33 million,$115 million
187,A,Return to Never Land,2002-02-15,/wiki/Return_to_Never_Land,Return to Never Land,"{""Robin Budd""}",None,"{""Joel McNeely"",(Score),""They Might Be Giants"",(Songs)}",Walt Disney Television Animation,N,73 minutes,{English},$20 million,$115.1 million
188,L,The Rookie,2002-03-29,/wiki/The_Rookie_(2002_film),The Rookie,"{""John Lee Hancock""}","{""Mike Rich""}","{""Carter Burwell""}",Walt Disney Pictures,N,128 minutes,{English},$22 million,$80.7 million
189,A,Lilo & Stitch,2002-06-21,/wiki/Lilo_%26_Stitch,Lilo & Stitch,"{""Chris Sanders"",""Dean DeBlois""}",None,"{""Alan Silvestri""}",Walt Disney Pictures,N,85 minutes,{English},$80 million,$273.1 million
190,L,The Country Bears,2002-07-26,/wiki/The_Country_Bears,The Country Bears,"{""Peter Hastings""}","{""Mark Perez""}","{""Christopher Young""}",Walt Disney Pictures,N,88 minutes,{English},$35 million,$18 million
192,L,Tuck Everlasting,2002-10-11,/wiki/Tuck_Everlasting_(2002_film),Tuck Everlasting,"{""Jay Russell""}",None,"{""William Ross""}",Walt Disney Pictures,N,96 minutes,{English},$15 million,$19.3 million
193,L,The Santa Clause 2,2002-11-01,/wiki/The_Santa_Clause_2,The Santa Clause 2,"{""Michael Lembeck""}","{""Don Rhymer"",""Cinco Paul"",""Ken Daurio"",""Ed Decter"",""John J. Strauss""}","{""George S. Clinton""}",Walt Disney Pictures,N,104 minutes,{English},$65 million,$172.9 million
194,A,Treasure Planet,2002-11-27,/wiki/Treasure_Planet,Treasure Planet,"{""Ron Clements"",""John Musker""}",None,"{""James Newton Howard""}",Walt Disney Pictures,N,95 minutes,{English},$140 million,$109.6 million
195,A,The Jungle Book 2,2003-02-14,/wiki/The_Jungle_Book_2,The Jungle Book 2,"{""Steve Trenbirth""}","{""Karl Geurs"",""Evan Spiliotopoulos""}","{""Joel McNeely""}",DisneyToon Studios,N,72 minutes,{English},$20 million,$135.7 million
196,A,Piglet's Big Movie,2003-03-21,/wiki/Piglet%27s_Big_Movie,Piglet's Big Movie,"{""Francis Glebas""}",None,"{""Carl Johnson"",(score),""Carly Simon"",(songs)}",DisneyToon Studios,N,75 minutes,{English},$46 million,$62.9 million
197,D,Ghosts of the Abyss,2003-04-11,/wiki/Ghosts_of_the_Abyss,Ghosts of the Abyss,"{""James Cameron""}",None,"{""Joel McNeely""}",Walt Disney Pictures,N,61 minutes,{English},$13 million,$28.7 million
198,L,Holes,2003-04-18,/wiki/Holes_(film),Holes,"{""Andrew Davis""}",None,"{""Joel McNeely""}",Walt Disney Pictures,N,117 minutes,{English},$20 million,$71.4 million
199,L,The Lizzie McGuire Movie,2003-05-02,/wiki/The_Lizzie_McGuire_Movie,The Lizzie McGuire Movie,"{""Jim Fall""}","{""Susan Estelle Jansen"",""Ed Decter"",""John J. Strauss""}","{""Cliff Eidelman""}",Walt Disney Pictures,N,94 minutes,"{English,Italian}",$17 million,$55.5 million
200,A,Finding Nemo,2003-05-30,/wiki/Finding_Nemo,Finding Nemo,"{""Andrew Stanton""}",None,"{""Thomas Newman""}",Walt Disney Pictures,N,100 minutes,{English},$94 million,$940.3 million
201,L,Pirates of the Caribbean: The Curse of the Black Pearl,2003-07-09,/wiki/Pirates_of_the_Caribbean:_The_Curse_of_the_Black_Pearl,Pirates of the Caribbean: The Curse of the Black Pearl,"{""Gore Verbinski""}",None,"{""Klaus Badelt""}",N,N,143 minutes,{English},$140 million,$654.3 million
202,L,Freaky Friday,2003-08-06,/wiki/Freaky_Friday_(2003_film),Freaky Friday,"{""Mark Waters""}",None,"{""Rolfe Kent""}",Walt Disney Pictures,N,97 minutes,{English},$26 million,$160.8 million
130,L,Freaky Friday,1976-12-17,/wiki/Freaky_Friday_(1976_film),Freaky Friday,"{""Mark Waters""}",None,"{""Rolfe Kent""}",Walt Disney Pictures,N,97 minutes,{English},$26 million,$160.8 million
203,A,Brother Bear,2003-11-01,/wiki/Brother_Bear,Brother Bear,"{""Aaron Blaise"",""Robert Walker""}",None,"{""Phil Collins"",""Mark Mancina""}",Walt Disney Pictures,N,85 minutes,{English},$46 million,$250.4 million
204,L,The Haunted Mansion,2003-11-26,/wiki/The_Haunted_Mansion_(film),The Haunted Mansion,"{""Rob Minkoff""}","{""David Berenbaum""}","{""Mark Mancina""}",Walt Disney Pictures,N,86 minutes,{English},$90 million,$182.3 million
205,L,The Young Black Stallion,2003-12-25,/wiki/The_Young_Black_Stallion,The Young Black Stallion,"{""Simon Wincer""}",None,"{""William Ross""}",Walt Disney Pictures,N,50 minutes,{English},N,"$9,638,389"
206,A,Teacher's Pet,2004-01-16,/wiki/Teacher%27s_Pet_(2004_film),Teacher's Pet,"{""Timothy Björklund""}",None,"{""Stephen James Taylor""}",Walt Disney Pictures,N,74 minutes,{English},$10 million,$6.5 million
207,L,Miracle,2004-02-06,/wiki/Miracle_(2004_film),Miracle,"{""Gavin O'Connor""}","{""Eric Guggenheim"",""Mike Rich""}","{""Mark Isham""}",Walt Disney Pictures,N,136 minutes,{English},$28 million,$64.5 million
208,L,Confessions of a Teenage Drama Queen,2004-02-20,/wiki/Confessions_of_a_Teenage_Drama_Queen,Confessions of a Teenage Drama Queen,"{""Sara Sugarman""}",None,"{""Mark Mothersbaugh""}",Walt Disney Pictures,N,89 minutes,{English},$15 million,$33.1 million
209,A,Home on the Range,2004-04-02,/wiki/Home_on_the_Range_(2004_film),Home on the Range,"{""Will Finn"",""John Sanford""}","{""Will Finn"",""John Sanford""}","{""Alan Menken""}",Walt Disney Pictures,N,76 minutes,{English},$110 million,$145.5 million
210,D,Sacred Planet,2004-04-22,/wiki/Sacred_Planet,Sacred Planet,"{""Jon Long"",[1],""Hairul Salleh Askor""}","{""Karen Fernandez Long"",""Jon Long""}",None,Walt Disney Pictures,N,40 minutes,{English},N,"$1,108,356"
211,L,Around the World in 80 Days,2004-06-16,/wiki/Around_the_World_in_80_Days_(2004_film),Around the World in 80 Days,"{""Frank Coraci""}",None,"{""Trevor Jones"",""David A. Stewart""}",Walt Disney Pictures,N,120 minutes,"{English,French,""Mandarin Chinese"",Hindi}",$110 million,$72.2 million
212,D,America's Heart and Soul,2004-07-02,/wiki/America%27s_Heart_and_Soul,America's Heart and Soul,"{""Louis Schwartzberg""}",None,"{""Joel McNeely""}",Walt Disney Pictures,N,84 minutes,{English},N,"$314,402"
213,L,The Princess Diaries 2: Royal Engagement,2004-08-11,/wiki/The_Princess_Diaries_2:_Royal_Engagement,The Princess Diaries 2: Royal Engagement,"{""Garry Marshall""}",None,"{""John Debney""}",N,N,113 minutes,{English},$45 million,$134.7 million
214,A,The Incredibles,2004-11-05,/wiki/The_Incredibles,The Incredibles,"{""Brad Bird""}","{""Brad Bird""}","{""Michael Giacchino""}",N,N,115 minutes,{English},$92 million,$633 million
215,L,National Treasure,2004-11-19,/wiki/National_Treasure_(film),National Treasure,"{""Jon Turteltaub""}",None,"{""Trevor Rabin""}",Walt Disney Pictures,N,131 minutes,{English},$100 million,$347.5 million
216,D,Aliens of the Deep,2005-01-28,/wiki/Aliens_of_the_Deep,Aliens of the Deep,"{""James Cameron"",[1],""Steven Quale"",[1]}",None,"{""Jeehun Hwang""}",Walt Disney Pictures,N,100 minutes,{English},N,$9 million
217,A,Pooh's Heffalump Movie,2005-02-11,/wiki/Pooh%27s_Heffalump_Movie,Pooh's Heffalump Movie,"{""Frank Nissen""}","{""Brian Hohlfeld"",""Evan Spiliotopoulos""}","{""Joel McNeely""}",Walt Disney Pictures,N,68 minutes,{English},$20 million,$52.9 million
218,L,The Pacifier,2005-03-04,/wiki/The_Pacifier,The Pacifier,"{""Adam Shankman""}","{""Thomas Lennon"",""Robert Ben Garant""}","{""John Debney""}",Walt Disney Pictures,N,95 minutes,{English},$56 million,$198.6 million
219,L,Ice Princess,2005-03-18,/wiki/Ice_Princess,Ice Princess,"{""Tim Fywell""}",None,"{""Christophe Beck""}",Walt Disney Pictures,N,97 minutes,{English},$25 million,$27.6 million
220,L,Herbie: Fully Loaded,2005-06-22,/wiki/Herbie:_Fully_Loaded,Herbie: Fully Loaded,"{""Angela Robinson""}",None,"{""Mark Mothersbaugh""}",Walt Disney Pictures,N,101 minutes,{English},$50 million,$144.1 million
222,L,Sky High,2005-07-29,/wiki/Sky_High_(2005_film),Sky High,"{""Mike Mitchell""}","{""Paul Hernandez"",""Bob Schooley"",""Mark McCorkle""}","{""Michael Giacchino""}",Walt Disney Pictures,N,100 minutes,{English},$35 million,$86.4 million
224,L,The Greatest Game Ever Played,2005-09-30,/wiki/The_Greatest_Game_Ever_Played,The Greatest Game Ever Played,"{""Bill Paxton""}",None,"{""Brian Tyler""}",Walt Disney Pictures,N,120 minutes,{English},$25 million,$15.4 million
225,A,Chicken Little,2005-11-04,/wiki/Chicken_Little_(2005_film),Chicken Little,"{""Mark Dindal""}",None,"{""John Debney""}",Walt Disney Pictures,N,81 minutes,{English},$150 million,$314.4 million
226,L,"The Chronicles of Narnia: The Lion, the Witch and the Wardrobe",2005-12-09,"/wiki/The_Chronicles_of_Narnia:_The_Lion,_the_Witch_and_the_Wardrobe","The Chronicles of Narnia: The Lion, the Witch and the Wardrobe","{""Andrew Adamson""}",None,"{""Harry Gregson-Williams""}",Walt Disney Pictures,N,143 minutes,{English},$180 million,$745 million
227,L,Glory Road,2006-01-13,/wiki/Glory_Road_(film),Glory Road,"{""James Gartner""}",None,"{""Trevor Rabin""}",Walt Disney Pictures,N,106 minutes,{English},$30 million,$42.9 million
228,D,Roving Mars,2006-01-27,/wiki/Roving_Mars,Roving Mars,"{""George Butler""}","{""Robert Andrus"",""George Butler""}","{""Philip Glass"",""Sigur Rós""}",Walt Disney Pictures,N,40 minutes,{English},$1 million,$11 million
229,L,Eight Below,2006-02-17,/wiki/Eight_Below,Eight Below,"{""Frank Marshall""}",None,"{""Mark Isham""}",Walt Disney Pictures,N,120 minutes,{English},$40 million,$120.5 million
230,L,The Shaggy Dog,2006-03-10,/wiki/The_Shaggy_Dog_(2006_film),The Shaggy Dog,"{""Brian Robbins""}","{""Cormac Wibberley"",""Marianne Wibberley"",""Geoff Rodkey"",""Jack Amiel"",""Michael Begler""}","{""Alan Menken""}",Walt Disney Pictures,N,99 minutes,{English},$50 million,$87.1 million
42,L,The Shaggy Dog,1959-03-19,/wiki/The_Shaggy_Dog_(1959_film),The Shaggy Dog,"{""Brian Robbins""}","{""Cormac Wibberley"",""Marianne Wibberley"",""Geoff Rodkey"",""Jack Amiel"",""Michael Begler""}","{""Alan Menken""}",Walt Disney Pictures,N,99 minutes,{English},$50 million,$87.1 million
231,A,The Wild,2006-04-14,/wiki/The_Wild,The Wild,"{""Steve \""Spaz\"" Williams""}",None,"{""Alan Silvestri""}",Walt Disney Pictures,N,82 minutes,{English},$80 million,$102.3 million
232,A,Cars,2006-06-09,/wiki/Cars_(film),Cars,"{""John Lasseter""}",None,"{""Randy Newman""}",Walt Disney Pictures,N,117 minutes,{English},$120,$462
233,L,Pirates of the Caribbean: Dead Man's Chest,2006-07-07,/wiki/Pirates_of_the_Caribbean:_Dead_Man%27s_Chest,Pirates of the Caribbean: Dead Man's Chest,"{""Gore Verbinski""}","{""Ted Elliott"",""Terry Rossio""}","{""Hans Zimmer""}",N,N,151 minutes,{English},$225 million,$1.066 billion
234,L,Invincible,2006-08-25,/wiki/Invincible_(2006_film),Invincible,"{""Ericson Core""}","{""Brad Gann""}","{""Mark Isham""}",Walt Disney Pictures,N,104 minutes,{English},$30 million,$58.5 million
236,L,The Santa Clause 3: The Escape Clause,2006-11-03,/wiki/The_Santa_Clause_3:_The_Escape_Clause,The Santa Clause 3: The Escape Clause,"{""Michael Lembeck""}","{""Ed Decter"",""John J. Strauss""}","{""George S. Clinton""}",Walt Disney Pictures,N,92 minutes,{English},$12 million,$110.8 million
237,L,Bridge to Terabithia,2007-02-16,/wiki/Bridge_to_Terabithia_(2007_film),Bridge to Terabithia,"{""Gábor Csupó""}",None,"{""Aaron Zigman""}",N,N,95 minutes,{English},$20–25 million,$138 million
238,A,Meet the Robinsons,2007-03-30,/wiki/Meet_the_Robinsons,Meet the Robinsons,"{""Stephen Anderson""}",None,"{""Danny Elfman""}",Walt Disney Pictures,N,94 minutes,{English},N,$169.3 million
239,L,Pirates of the Caribbean: At World's End,2007-05-25,/wiki/Pirates_of_the_Caribbean:_At_World%27s_End,Pirates of the Caribbean: At World's End,"{""Gore Verbinski""}","{""Ted Elliott"",""Terry Rossio""}","{""Hans Zimmer""}",N,N,168 minutes,{English},$300 million,$961 million
240,A,Ratatouille,2007-06-29,/wiki/Ratatouille_(film),Ratatouille,"{""Brad Bird""}",None,"{""Michael Giacchino""}",Walt Disney Pictures,N,111 minutes,{English},$150 million,$620.7 million
241,L,Underdog,2007-08-03,/wiki/Underdog_(2007_film),Underdog,"{""Frederik Du Chau""}","{""Joe Piscatella"",""Adam Rifkin"",""Craig A. Williams""}","{""Randy Edelman""}",N,N,82 minutes,{English},$25 million,$65.3 million
242,D,The Pixar Story,2007-08-28,/wiki/The_Pixar_Story,The Pixar Story,"{""Leslie Iwerks""}","{""Leslie Iwerks""}","{""Jeff Beal""}",Leslie Iwerks Productions,N,87 minutes,{English},N,N
243,L,The Game Plan,2007-09-28,/wiki/The_Game_Plan_(film),The Game Plan,"{""Andy Fickman""}",None,"{""Nathan Wang""}",Walt Disney Pictures,N,110 minutes,{English},$22 million,$146.6 million
244,H,Enchanted,2007-11-21,/wiki/Enchanted_(film),Enchanted,"{""Kevin Lima""}","{""Bill Kelly""}","{""Alan Menken""}",N,N,107 minutes,{English},$85 million,$340.5 million
245,L,National Treasure: Book of Secrets,2007-12-21,/wiki/National_Treasure:_Book_of_Secrets,National Treasure: Book of Secrets,"{""Jon Turteltaub""}",None,"{""Trevor Rabin""}",Walt Disney Pictures,N,124 minutes,{English},$130 million,$459.2 million
246,L,Hannah Montana and Miley Cyrus: Best of Both Worlds Concert,2008-02-01,/wiki/Hannah_Montana_and_Miley_Cyrus:_Best_of_Both_Worlds_Concert,Hannah Montana and Miley Cyrus: Best of Both Worlds Concert,"{""Bruce Hendricks""}",None,"{""Matthew Gerrard"",""Robbie Nevil"",""Miley Cyrus"",""Jamie Houston"",""Tim James""}",Walt Disney Pictures,N,74 minutes,{English},$7 million,$70.6 million
247,L,College Road Trip,2008-03-07,/wiki/College_Road_Trip,College Road Trip,"{""Roger Kumble""}","{""Emi Mochizuki"",""Carrie Evans"",""Cinco Paul"",""Ken Daurio""}","{""Edward Shearmur""}",Walt Disney Pictures,N,83 minutes,{English},$25 million,$51.5 million
248,L,The Chronicles of Narnia: Prince Caspian,2008-05-16,/wiki/The_Chronicles_of_Narnia:_Prince_Caspian,The Chronicles of Narnia: Prince Caspian,"{""Andrew Adamson""}",None,"{""Harry Gregson-Williams""}",Walt Disney Pictures,N,150 minutes,{English},$225 million,$419.7 million
249,A,WALL-E,2008-06-27,/wiki/WALL-E,WALL-E,"{""Andrew Stanton""}",None,"{""Thomas Newman""}",Walt Disney Pictures,N,97 minutes,None,$180 million,$533.3 million
250,L,Beverly Hills Chihuahua,2008-10-03,/wiki/Beverly_Hills_Chihuahua,Beverly Hills Chihuahua,"{""Raja Gosnell""}",None,"{""Heitor Pereira""}",Walt Disney Pictures,N,91 minutes,{English},$20 million,$149.3 million
251,D,Morning Light,2008-10-17,/wiki/Morning_Light_(film),Morning Light,"{""Mark Monroe""}",None,None,Walt Disney Pictures,N,100 minutes,{English},N,"$275,776"
252,L,High School Musical 3: Senior Year,2008-10-24,/wiki/High_School_Musical_3:_Senior_Year,High School Musical 3: Senior Year,"{""Kenny Ortega""}","{""Peter Barsocchini""}","{""David Lawrence""}",Walt Disney Pictures,N,111 minutes (theatrical),{English},$11 million,$252.9 million
253,A,Bolt,2008-11-21,/wiki/Bolt_(2008_film),Bolt,"{""Chris Williams"",""Byron Howard""}",None,"{""John Powell""}",Walt Disney Pictures,N,96 minutes,{English},$150 million,$310 million
254,L,Bedtime Stories,2008-12-25,/wiki/Bedtime_Stories_(film),Bedtime Stories,"{""Adam Shankman""}",None,"{""Rupert Gregson-Williams""}",Walt Disney Pictures,N,99 minutes,{English},$80 million,$212.9 million
255,L,Jonas Brothers: The 3D Concert Experience,2009-02-27,/wiki/Jonas_Brothers:_The_3D_Concert_Experience,Jonas Brothers: The 3D Concert Experience,"{""Bruce Hendricks""}",None,"{""Jonas Brothers""}",Walt Disney Pictures,N,76 minutes,{English},N,$23.1 million
256,L,Race to Witch Mountain,2009-03-13,/wiki/Race_to_Witch_Mountain,Race to Witch Mountain,"{""Andy Fickman""}",None,"{""Trevor Rabin""}",Walt Disney Pictures,N,98 minutes,{English},$50 million,$106.4 million
257,L,Hannah Montana: The Movie,2009-04-10,/wiki/Hannah_Montana:_The_Movie,Hannah Montana: The Movie,"{""Peter Chelsom"",[1]}","{""Dan Berendsen"",[1]}","{""John Debney""}",Walt Disney Pictures,N,97 minutes,{English},$30 million,$169.2  million
260,A,Up,2009-05-29,/wiki/Up_(2009_film),Up,"{""Pete Docter""}",None,"{""Michael Giacchino""}",Walt Disney Pictures,N,96 minutes,{English},$175 million,$735.1 million
261,L,Lilly the Witch: The Dragon and the Magic Book,2009-06-12,/wiki/Lilly_the_Witch:_The_Dragon_and_the_Magic_Book,Lilly the Witch: The Dragon and the Magic Book,None,None,"{""Ian Honeyman""}",N,N,N,{German},N,N
262,H,G-Force,2009-07-24,/wiki/G-Force_(film),G-Force,"{""Hoyt H. Yeatman Jr.""}",None,"{""Trevor Rabin""}",N,N,90 minutes,{English},$150 million,$292.8 million
264,D,Walt & El Grupo,2009-09-09,/wiki/Walt_%26_El_Grupo,Walt & El Grupo,"{""Theodore Thomas""}","{""Theodore Thomas""}",None,N,N,N,{English},N,N
267,L,Old Dogs,2009-11-25,/wiki/Old_Dogs_(film),Old Dogs,"{""Walt Becker""}","{""David Diamond"",""David Weissman""}","{""John Debney""}",Walt Disney Pictures,N,88 minutes,{English},$35 million,$96.8 million
268,A,The Princess and the Frog,2009-12-11,/wiki/The_Princess_and_the_Frog,The Princess and the Frog,"{""Ron Clements"",""John Musker""}",None,"{""Randy Newman""}",Walt Disney Pictures,N,97 minutes,{English},$105 million,$269 million
269,L,Alice in Wonderland,2010-03-05,/wiki/Alice_in_Wonderland_(2010_film),Alice in Wonderland,"{""Tim Burton""}",None,"{""Danny Elfman""}",Walt Disney Pictures,N,108 minutes,{English},$150,$1.025 billion
19,A,Alice in Wonderland,1951-07-28,/wiki/Alice_in_Wonderland_(1951_film),Alice in Wonderland,"{""Tim Burton""}",None,"{""Danny Elfman""}",Walt Disney Pictures,N,108 minutes,{English},$150,$1.025 billion
271,L,Prince of Persia: The Sands of Time,2010-05-28,/wiki/Prince_of_Persia:_The_Sands_of_Time_(film),Prince of Persia: The Sands of Time,"{""Mike Newell""}",None,"{""Harry Gregson-Williams""}",N,N,116 minutes,{English},$150  million,$336.4 million
272,A,Toy Story 3,2010-06-18,/wiki/Toy_Story_3,Toy Story 3,"{""Lee Unkrich""}",None,"{""Randy Newman""}",Walt Disney Pictures,N,103 minutes,{English},$200 million,$1.067 billion
273,L,The Sorcerer's Apprentice,2010-07-14,/wiki/The_Sorcerer%27s_Apprentice_(2010_film),The Sorcerer's Apprentice,"{""Jon Turteltaub""}",None,"{""Trevor Rabin""}",Walt Disney Pictures,N,109 minutes,{English},$150 million,$215.3 million
275,N,The Crimson Wing: Mystery of the Flamingos,2010-09-07,/wiki/The_Crimson_Wing:_Mystery_of_the_Flamingos,The Crimson Wing: Mystery of the Flamingos,"{""Matthew Aeberhard"",""Leander Ward""}","{""Melanie Finn""}","{""The Cinematic Orchestra"",""and Claseria""}",Disneynature,N,74 minutes,{English},N,N
276,L,Secretariat,2010-10-08,/wiki/Secretariat_(film),Secretariat,"{""Randall Wallace""}","{""Mike Rich"",""Sheldon Turner""}","{""Nick Glennie-Smith""}",Walt Disney Pictures,N,123 minutes,{English},$35 million,$60.3 million
277,L,Do Dooni Chaar,2010-10-08,/wiki/Do_Dooni_Chaar,Do Dooni Chaar,"{""Habib Faisal""}",None,"{""Meet Bros Anjjan"",""Ankit Tiwari""}",Walt Disney Pictures,N,108 minutes,{Hindi},N,N
278,A,Tangled,2010-11-24,/wiki/Tangled,Tangled,"{""Nathan Greno"",""Byron Howard""}",None,"{""Alan Menken""}",Walt Disney Pictures,N,100 minutes,{English},$260 million,$592.4 million
279,D,The Boys: The Sherman Brothers' Story,2010-11-30,/wiki/The_Boys:_The_Sherman_Brothers%27_Story,The Boys: The Sherman Brothers' Story,"{""Gregory V. Sherman"",""Jeffrey C. Sherman""}",None,"{""Richard M. Sherman"",""Robert B. Sherman""}",Walt Disney Pictures,N,101 minutes,{English},N,"$55,513"
280,L,Tron: Legacy,2010-12-17,/wiki/Tron:_Legacy,Tron: Legacy,"{""Joseph Kosinski""}",None,"{""Daft Punk""}",N,N,125 minutes,{English},$150 million,$410 million
